Name,Title,Name_ko,Title_ko,Name_zh,Title_zh,Name_ja,Title_ja,Name_es,Title_es,Description,Rarity,Element,Effect_type,Description_en,Description_zh,Description_ja,Description_es,no
Ignis of Execution,First Strike,집행의 불꽃,첫 번째 타격,执行之火,第一击,執行の焔,先制攻撃,Fuego de Ejecución,Primer Golpe,"미루고 싶은 심리를 완전히 태워버리고, 생각한 즉시 몸이 움직이게 만드는 강제 집행력을 부여하여 하루의 생산성을 물리적으로 2배 이상 끌어올립니다.",common,fire,"(열정, 지배, 폭발적 추진력)","Completely burns away the urge to procrastinate and grants the power of immediate action, physically doubling your daily productivity.",彻底消除拖延心理，赋予立刻行动的执行力，使每日生产力物理性提高两倍以上。,先延ばしにしたい心理を完全に焼き払い、考えた瞬間に体が動く強制執行力を与え、一日の生産性を物理的に2倍以上に引き上げます。,"Elimina por completo el deseo de procrastinar y otorga el poder de la acción inmediata, duplicando físicamente tu productividad diaria.",1
Embers of Social Warmth,Networking Spark,사교의 온기,인맥의 불꽃,社交温情之烬,社交火花,社交の温もりの残り火,交流の火種,Brasas de Calor Social,Chispa de Networking,"처음 만난 차가운 분위기의 상대라도 소지자에게 호감을 느끼게 하는 따뜻한 아우라를 방출하며, 어색한 대화를 화기애애한 비즈니스 기회로 전환합니다.",common,fire,"(열정, 지배, 폭발적 추진력)","Releases a warm aura that makes even a cold stranger feel favor toward the holder, turning awkward conversations into friendly business opportunities.",即使是初次见面的冷淡之人，也会散发出让对方产生好感的温暖气息，将尴尬的对话转变为愉快的商务机会。,初めて会った冷ややかな雰囲気の相手でも、持ち主に好感を感じさせる温かいオーラを放出し、ぎこちない会話を和やかなビジネスチャンスへと転換します。,"Libera un aura cálida que hace que incluso un extraño frío sienta simpatía por el poseedor, convirtiendo conversaciones incómodas en oportunidades de negocio amigables.",2
Flicker of Daily Focus,Brief Intensity,일상 집중의 흔들림,짧은 강렬함,일상专注지점 (日常专注之光),短促强度,日常集中の揺らぎ,短き強烈さ,Destello de Enfoque Diario,Intensidad Breve,30분이라는 짧은 시간 동안 뇌를 풀가동시켜 고난도의 작업을 완수하게 돕습니다. 집중력이 흩어질 때마다 심장을 자극해 몰입의 상태로 되돌립니다.,common,fire,"(열정, 지배, 폭발적 추진력)","Fully activates the brain for a short 30-minute burst to complete high-difficulty tasks, stimulating the heart to return to flow state whenever focus wavers.",在30分钟的短时间内全速运转大脑以完成高难度任务，每当注意力分散时便刺激心脏，使其回到沉浸状态。,30分という短い時間、脳をフル稼働させて高難易度の作業を完遂するのを助けます。集中力が切れるたびに心臓を刺激し、没頭の状態へと戻します。,"Activa completamente el cerebro durante un corto período de 30 minutos para completar tareas de alta dificultad, estimulando el corazón para volver al estado de flujo cada vez que la concentración decae.",3
Blaze of Trendsetting,Viral Ignition,유행 선도의 화염,확산의 점화,领潮之焰,病毒式点燃,流行先導の炎,拡散の着火,Llama de Tendencias,Ignición Viral,소지자가 제안하는 아이디어나 기획이 유행의 불씨가 되어 시장에 번져나가게 합니다. 대중의 욕망을 정확히 타격하여 소수의 지지를 거대한 팬덤으로 확장합니다.,uncommon,fire,"(열정, 지배, 폭발적 추진력)","Turns the holder's ideas or plans into a trend that spreads through the market, targeting public desire to expand small support into a massive fandom.",持有者提出的创意或策划将成为流行的火种并传遍市场，精准打击大众欲望，将少数支持扩展为巨大的粉丝群。,持ち主が提案するアイデアや企画が流行の火種となり、市場に広がっていきます。大衆の欲望を正確に射抜き、少数の支持を巨大なファンダムへと拡張します。,"Convierte las ideas o planes del poseedor en la chispa de una tendencia que se extiende por el mercado, apuntando con precisión al deseo del público para expandir un pequeño apoyo en un fandom masivo.",4
Scarlet Decision Stone,Iron Will,진홍빛 결단석,강철의 의지,绯红决断石,钢铁意志,深紅の決断石,鋼の意志,Piedra de Decisión Escarlata,Voluntad de Hierro,수만 가지 선택지 앞에서도 망설임 없이 가장 이익이 큰 길을 선택할 확신을 줍니다. 우유부단함으로 인해 발생하는 시간 낭비와 기회비용을 0으로 만듭니다.,uncommon,fire,"(열정, 지배, 폭발적 추진력)","Gives the confidence to choose the most profitable path without hesitation among tens of thousands of options, reducing time waste to zero.",在成千上万个选项面前，也能毫不犹豫地选择利益最大的道路，将因优柔寡断导致的时间浪费和机会成本降为零。,数万もの選択肢の前でも迷わず最も利益の大きい道を選ぶ確信を与えます。優柔不断さによって発生する時間の浪費と機会費用をゼロにします。,"Otorga la confianza necesaria para elegir el camino más rentable sin vacilación, incluso ante decenas de miles de opciones, reduciendo a cero el desperdicio de tiempo.",5
Heat of Peak Vigor,Stamina Surge,정점 활력의 열기,지구력의 파동,巅峰活力之热,耐力飙升,頂点の活熱,スタミナサージ,Calor de Vigor Máximo,Oleada de Estamina,밤샘 작업이나 극한의 체력 소모 상황에서도 몸이 타오르는 듯한 에너지를 공급받습니다. 카페인 없이도 24시간 동안 최상의 컨디션을 유지하며 경쟁자를 압도합니다.,uncommon,fire,"(열정, 지배, 폭발적 추진력)","Supplies burning energy even during overnight work or extreme physical exhaustion, maintaining peak condition for 24 hours without caffeine.",即使在熬夜工作或体力消耗极大的情况下，也能获得如同燃烧般的能量，无需咖啡因即可24小时保持最佳状态。,徹夜作業や極限の体力消耗時でも、体が燃え上がるようなエネルギーを供給されます。カフェインなしでも24時間最高のコンディションを維持し、競争相手を圧倒します。,"Suministra una energía ardiente incluso durante trabajos nocturnos o agotamiento físico extremo, manteniendo una condición óptima durante 24 horas sin cafeína.",6
Pyre of Persuasion,Orator’s Soul,설득의 장작,웅변가의 혼,说服之火,演说家之魂,説得の火葬,弁論家の魂,Pira de Persuasión,Alma de Orador,소지자의 목소리에 청중의 이성을 마비시키는 열정을 담습니다. 불가능해 보였던 투자 유치나 반대파의 설득을 한 번의 연설로 완벽하게 해결하는 권능을 줍니다.,rare,fire,"(열정, 지배, 폭발적 추진력)","Infuses the holder's voice with a passion that paralyzes the audience's logic, resolving impossible investment pitches or opposition with a single speech.",持有者的声音中蕴含着麻痹听众理性的热情，通过一次演讲完美解决看似不可能的投资引进或说服工作。,持ち主の声に聴衆の理性を麻痺させる情熱を込め、不可能に見えた投資誘致や反対派の説得を、一度の演説で完璧に解決します。,"Infunde la voz del poseedor con una pasión que paraliza la lógica de la audiencia, resolviendo presentaciones de inversión o persuasión de oponentes con un solo discurso.",7
Lava-Glass of Ambition,Visionary Flare,야망의 용암유리,선견지명의 섬광,野心熔岩玻璃,远见闪光,野望の溶岩ガラス,先見の閃光,Vidrio de Lava de Ambición,Destello Visionario,"현실에 안주하려는 나약함을 태우고, 더 높은 지위와 권력을 향한 끝없는 갈망을 현실적인 전략으로 변모시켜 소지자를 조직의 최정점으로 이끕니다.",rare,fire,"(열정, 지배, 폭발적 추진력)",Burns away the weakness of settling for reality and transforms the endless thirst for higher status and power into realistic strategies for growth.,燃烧掉安于现状的软弱，将对更高地位和权力的无尽渴望转化为现实的增长战略。,現実に安住しようとする弱さを焼き、より高い地位と権力への終わりのない渇望を現実的な成長戦略へと変えます。,Quema la debilidad de conformarse con la realidad y transforma la sed infinita de mayor estatus y poder en estrategias realistas de crecimiento.,8
Volcano of Creativity,Idea Eruption,창의의 화산,아이디어의 분출,创意火山,灵感爆发,創造の火山,アイデアの噴火,Volcán de Creatividad,Erupción de Ideas,"뇌 속에 막혀 있던 창의적 회로를 폭발시켜, 기존에 없던 혁신적인 비즈니스 모델이나 예술적 영감을 매일 수십 개씩 쏟아내게 하는 창조의 원천이 됩니다.",rare,fire,"(열정, 지배, 폭발적 추진력)","Explodes the creative circuits in the brain, allowing the holder to design innovative business models or artistic masterpieces that never existed before.",引爆大脑中堵塞的创意回路，设计出以往不存在的创新商业模式或艺术杰作。,脳内で詰まっていた創造的な回路を爆発させ、これまでにない革新的なビジネスモデルや芸術的傑作を設計させます。,"Explota los circuitos creativos bloqueados en el cerebro, permitiendo al poseedor diseñar modelos de negocio innovadores u obras maestras artísticas.",9
Inferno of Executive Power,Strategic Alignment,집행권의 인페르노,전략적 동기화,执行权之火狱,战略协作,執行権の烈火,戦略的同期,Infierno de Poder Ejecutivo,Sincronización Estratégica,조직 구성원들이 공통의 목표에 자발적으로 몰입하게 만드는 강력한 리더십을 부여합니다. 비전만으로 팀을 하나로 묶습니다.,epic,fire,"(열정, 지배, 폭발적 추진력)",Inspires team members to voluntarily align with and commit to shared goals through visionary leadership.,赋予领导力，激发团队成员自发地对齐并致力于共同目标。,ビジョンを通じてチームメンバーが自発的に共通の目標に邁進できるよう導くリーダーシップを付与します。,Inspira a los miembros del equipo a alinearse voluntariamente con objetivos compartidos mediante un liderazgo visionario.,10
Sunlight of Market Dominance,Market Beacon,시장 지배의 태양광,시장의 이정표,市场支配之光,市场标杆,市場支配の陽光,市場の道標,Luz de Dominio de Mercado,Faro del Mercado,소지자의 브랜드가 업계의 표준이 되어 대중의 신뢰를 얻고 지속 가능한 시장 성장을 선도하게 합니다.,epic,fire,"(열정, 지배, 폭발적 추진력)","Makes the brand an industry standard, earning public trust and leading sustainable market growth.",使品牌成为行业标准，赢得公众信任并引领市场的可持续增长。,ブランドを業界標準へと押し上げ、公衆の信頼を獲得し、持続可能な市場成長を牽引します。,"Convierte la marca en un estándar de la industria, ganando la confianza del público y liderando el crecimiento sostenible.",11
Phoenix Heart of Rebirth,Infinite Resurgence,재탄생의 불사조 심장,무한한 부활,重生凤凰之心,无限复苏,再生の不死鳥の心臓,無限の復活,Corazón de Fénix de Renacimiento,Resurgimiento Infinito,"완전히 파산하거나 사회적 지위가 바닥으로 추락해도, 그 실패를 자양분 삼아 이전보다 100배 거대한 제국을 재건할 수 있는 신적인 회복력과 역전의 기회를 강제로 만듭니다.",legendary,fire,"(열정, 지배, 폭발적 추진력)","Even if completely bankrupt or fallen to the bottom, uses failure as nourishment to achieve a comeback 100 times greater than before.",即使完全破产或社会地位跌至谷底，也会将失败作为养分，实现比以前强大100倍的‘大逆转’。,完全に破産したり社会的地位が底に落ちたりしても、その失敗を糧にして以前より100倍強力な「大逆転」を成し遂げさせます。,"Incluso en la bancarrota total, utiliza el fracaso como alimento para lograr un regreso 100 veces más poderoso que antes.",12
Primeval Nova Core,Hurdle Breakthrough,태고의 신성 핵,장벽 돌파,太古新星核,突破障碍,太古の新星の核,障害突破,Núcleo de Nova Primordial,Superación de Obstáculos,"목표 달성을 가로막는 복잡한 시스템적, 환경적 장애물을 창의적인 해법으로 돌파하는 강력한 추진력을 줍니다.",legendary,fire,"(열정, 지배, 폭발적 추진력)",Provides powerful momentum to break through complex systemic or environmental hurdles with creative solutions.,提供强大的动力，通过创意方案突破复杂的系统或环境障碍。,複雑なシステムや環境の障害を、独創的な解決策で突破するための強力な推進力を提供します。,Proporciona un impulso poderoso para superar obstáculos sistémicos o ambientales complejos con soluciones creativas.,13
Dewdrop of Calm,Anxiety Wash,평온의 이슬,불안의 세척,宁静露珠,洗涤焦虑,平穏の露,不安の洗浄,Gota de Calma,Lavado de Ansiedad,"가슴을 조여오는 면접이나 중요한 미팅 전, 모든 긴장감을 씻어내고 깊은 호수처럼 평온한 상태를 유지하여 평소 실력의 120%를 발휘하게 합니다.",common,water,"(지혜, 정화, 유연한 적응)","Washes away all tension before an interview or important meeting, bringing a state of calmness as deep as a serene lake.",在令人紧张的面试或重要会议前，洗净所有紧张感，进入如深湖般宁静的状态。,緊張する面接や重要なミーティングの直前、すべての緊張感を洗い流し、深い湖のような平穏な状態を作ります。,"Elimina toda la tensión antes de una entrevista o reunión importante, brindando un estado de calma tan profundo como un lago sereno.",14
Mist of Subtle Favor,Fluid Charm,은은한 호의의 안개,유연한 매력,柔情之雾,柔化魅力,仄かな好意の霧,しなやかな魅力,Niebla de Favor Sutil,Encanto Fluido,물안개처럼 자연스럽게 주변에 스며들어 비호감이었던 인상조차 긍정적으로 바꿉니다. 사람들이 자신도 모르게 소지자의 편을 들게 만드는 부드러운 유인력을 가집니다.,common,water,"(지혜, 정화, 유연한 적응)","Naturally permeates surroundings like mist, changing unfavorable impressions into positive ones, making people want to stay by your side.",像水雾一样自然地融入周围，即使是负面印象也能转化为正面评价，让人想长久地留在持有者身边。,霧のように自然に周囲に染み込み、悪い印象さえもポジティブに変えます。人々が持ち主のそばに長く留まりたがるようになります.,"Se infiltra naturalmente en el entorno como la niebla, cambiando impresiones desfavorables por positivas y atrayendo a las personas.",15
Ripple of Intuition,Gut Feeling,직관의 파동,본능적 감각,直觉波动,本能直觉,直感の波動,本能の直感,Ondulación de Intuición,Corazonada,주식 차트나 계약서의 미세한 위화감을 파동으로 느껴 사전에 피해를 막아줍니다. 논리적인 이유를 알기 전에도 몸이 먼저 위험을 감지해 소지자를 보호합니다.,common,water,"(지혜, 정화, 유연한 적응)","Allows the holder to feel subtle anomalies in charts or contracts as vibrations, preventing losses through intuition beyond logic.",通过波动感受股票图表或合同中的细微违和感，通过超越逻辑推理的直觉预先防止损失。,株価チャートや契約書の微細な違和感を波動として感じ取り、事前に被害を防ぎます。論理的な推論を超えた直感で損失を避けます。,"Permite sentir anomalías sutiles en gráficos o contratos como vibraciones, previniendo pérdidas mediante una intuición más allá de la lógica.",16
Stream of Eloquence,Silver Tongue,웅변의 흐름,유려한 말솜씨,雄辩之流,伶牙俐齿,雄弁の流れ,立て板に水,Corriente de Elocuencia,Lengua de Plata,"막힌 대화를 물 흐르듯 유연하게 풀어냅니다. 어떤 까다로운 질문에도 재치 있게 응대하며, 상대방의 기분을 거스르지 않으면서 자신이 원하는 결론으로 유도합니다.",uncommon,water,"(지혜, 정화, 유연한 적응)","Unravels blocked conversations as smoothly as flowing water, responding to difficult questions with wit and capturing hearts with humor.",像流水一样顺畅地化解受阻的对话，机智地应对任何刁钻的问题，用幽默感俘获对方的心。,滞った会話を水が流れるようにしなやかに解きほぐします。どんな気難しい質問にも機転を利かせて応対し、ユーモアで相手の心を掴みます。,"Desenreda conversaciones bloqueadas con fluidez, respondiendo a preguntas difíciles con ingenio y capturando corazones con humor.",17
Aquamarine Clarity,Logic Filter,청람빛 명료함,논리 필터,澄澈青晶,逻辑过滤,澄み渡る青藍,論理フィルター,Claridad de Aguamarina,Filtro de Lógica,복잡하게 꼬인 감정 덩어리에서 이성적인 팩트만을 걸러내어 보여줍니다. 연인 관계나 비즈니스 갈등에서 감정 소모 없이 가장 합리적인 해결책을 도출하게 합니다.,uncommon,water,"(지혜, 정화, 유연한 적응)","Filters out only rational facts from complex emotions, providing cold and accurate solutions to relationships or business conflicts.",从错综复杂的情感纠结中筛选出理性的事实，为恋人关系或商务冲突提供冷静而准确的解决方案。,複雑に絡まった感情の塊から理性的な事実だけを濾し取って見せます。ビジネスや対人関係の葛藤において、冷徹で正確な解決策を提示します。,"Filtra solo los hechos racionales de emociones complejas, proporcionando soluciones precisas para conflictos de pareja o negocios.",18
Rain of Productivity,Task Flow,생산성의 비,작업 흐름,生产力之雨,任务流转,生産性の雨,タスクフロー,Lluvia de Productividad,Flujo de Tareas,쏟아지는 업무들을 하나씩 순차적으로 처리하는 최적의 리듬을 부여합니다. 마치 비가 내리듯 자연스럽게 할 일을 마무리지어 퇴근 시간을 2시간 이상 앞당깁니다.,uncommon,water,"(지혜, 정화, 유연한 적응)","Grants an optimal rhythm to handle pouring tasks one by one, allowing work to be completed quickly and perfectly like falling rain.",赋予按顺序处理繁杂任务的最佳节奏，使工作像降雨一样迅速而完美地完成。,押し寄せる業務を一つずつ順次処理する最適なリズムを与えます。まるで雨が降るように、迅速かつ完璧に仕事が片付いていきます。,"Otorga un ritmo óptimo para manejar tareas una por una, permitiendo que el trabajo se complete rápida y perfectamente.",19
Glacier of Self-Control,Stoic Aegis,자제력의 빙하,스토아의 방패,自制力冰川,禁欲之盾,自制の氷河,ストア派の盾,Glaciar de Autocontrol,Egida Estoica,"지름신, 폭식, 게임 중독 등 순간적인 충동을 얼음처럼 얼려버립니다. 철저한 자기 객관화를 통해 자신의 삶을 완벽하게 통제하는 냉철한 관리자로 거듭나게 합니다.",rare,water,"(지혜, 정화, 유연한 적응)","Freezes momentary impulses like shopping sprees or addictions like ice, maintaining iron-willed self-control through self-objectification.",将购物冲动、暴饮暴食、游戏成瘾等瞬间冲动像冰块一样冻结，通过彻底的自我客体化维持钢铁般的自我控制。,衝動買い、暴食、ゲーム依存などの瞬間的な衝動を氷のように凍らせます。徹底した自己客観化を通じて、鉄のような自己コントロール力を維持します。,"Congela impulsos momentáneos como compras compulsivas o adicciones, manteniendo un autocontrol de hierro mediante la auto-objetivación.",20
Tidal Shift Crystal,Trend Surfing,조수의 변화 수정,트렌드 서핑,潮汐转换水晶,趋势冲浪,潮流変化の晶石,トレンドサーフィン,Cristal de Cambio de Marea,Surf de Tendencias,시대의 흐름이 어디로 바뀌는지 남들보다 반 박자 빠르게 파악하게 합니다. 거대한 변화의 파도에 휩쓸리는 대신 그 위에 올라타 부와 명성을 독식하게 돕니다.,rare,water,"(지혜, 정화, 유연한 적응)","Enables the holder to grasp the direction of the era's trends half a beat faster than others, riding the giant wave of change.",比他人领先半拍掌握时代潮流的走向，搭乘巨大的变化浪潮，获得先发优势的利润。,時代の流れがどこへ変わるのか、他人より半歩早く把握させます。巨大な変化の波に乗り、先行者利益を独占する洞察力を与えます。,"Permite captar la dirección de las tendencias de la época medio paso más rápido que los demás, cabalgando la gran ola del cambio.",21
Source of Vitality,Peak Recovery,생명력의 근원,최상의 회복력,活力源泉,巅峰恢复,活力の源,最高の回復力,Fuente de Vitalidad,Recuperación Máxima,일상에서 쌓인 피로를 효율적으로 관리하여 짧은 휴식으로도 최상의 컨디션과 맑은 정신을 유지하게 돕습니다.,rare,water,"(지혜, 정화, 유연한 적응)","Efficiently manages daily fatigue, restoring peak vitality and mental clarity through optimal recovery sessions.",有效管理日常疲劳，通过优化的恢复过程恢复巅峰活力和清醒头脑。,日々の疲労を効率的に管理し、短い休息でも最高のコンディションと明晰な精神状態を維持します。,"Gestiona eficientemente la fatiga diaria, restaurando la vitalidad máxima y la claridad mental mediante la recuperación.",22
Deep Sea of Secrets,Absolute Privacy,비밀의 심해,완벽한 보안,秘密深海,绝对隐私,秘密の深海,完璧なセキュリティ,Mar Profundo de Secretos,Privacidad Absoluta,소지자의 소중한 정보와 데이터 자산을 외부 위협으로부터 철저히 보호하여 어떤 환경에서도 완벽한 보안을 유지합니다.,epic,water,"(지혜, 정화, 유연한 적응)","Strictly protects valuable information and data assets from external threats, ensuring ironclad privacy.",严密保护宝贵的信息和数据资产免受外部威胁，确保无懈可击的隐私。,貴重な情報やデータ資産を外部の脅威から厳重に保護し、いかなる環境でも完璧なセキュリティを維持します。,"Protege estrictamente la información valiosa y los activos de datos contra amenazas externas, asegurando la privacidad.",23
Vortex of Wealth Flow,Cash Magnet,부의 흐름 소용돌이,현금 마그넷,财富流涡旋,现金磁石,富の流転の渦,キャッシュマグネット,Vórtice de Flujo de Riqueza,Imán de Efectivo,"정체된 자산 흐름을 소지자를 중심으로 회전시킵니다. 전 세계의 돈이 소지자의 계좌로 흘러들어오는 통로를 개척하며, 쓰면 쓸수록 더 큰 돈이 들어오는 풍요의 소용돌이를 만듭니다.",epic,water,"(지혜, 정화, 유연한 적응)","Rotates stagnant asset flows around the holder, causing the world's money to flow naturally into the holder's account as if drawn by a magnet.",让停滞的资产流以持有者为中心旋转，使全世界的金钱像被磁铁吸引一样自然地流入持有者的账户。,停滞した資産の流れを持ち主を中心に回転させます。全世界のお金が磁石に吸い寄せられるように、自然と持ち主の口座へ流れ込みます。,"Hace girar los flujos de activos estancados alrededor del poseedor, atrayendo el dinero del mundo hacia su cuenta como un imán.",24
Oceanic Consciousness,World Wisdom,대양의 의식,세상의 지혜,海洋意识,世界智慧,大洋の意識,世界の知恵,Conciencia Oceánica,Sabiduría del Mundo,"전 인류의 지식 체계를 바다처럼 수용하고 이해하는 통찰력을 줍니다. 세상 모든 이치에 통달하여 어떤 난제에도 해답을 내놓는, 살아있는 현자로서 추앙받게 만듭니다.",legendary,water,"(지혜, 정화, 유연한 적응)","Gives the insight to understand the entire human knowledge system like an ocean, allowing the holder to master all laws of the world.",赋予像大海一样吸收和理解全人类知识体系的洞察力，通晓世间万理，成为贤明的领导者。,全人類の知識体系を海のように受容し理解する洞찰력을を与え、世界のあらゆる理に通じた指導者へと変貌させます。,"Brinda la perspicacia para comprender todo el sistema de conocimiento humano como un océano, permitiendo dominar todas las leyes del mundo.",25
Primordial Life Source,Timeless Vigor,생체 시계 역행자,시간을 잊은 활력,生物钟逆转者,永恒活力,生体時計の逆行者,時を忘れる活力,Reversor del Reloj Biológico,Vigor Atemporal,신체 밸런스를 최적으로 유지하여 세월의 흐름 속에서도 활기찬 에너지와 기초 체력을 잃지 않도록 수호합니다.,legendary,water,"(지혜, 정화, 유연한 적응)","Maintains optimal physical balance and vigor, supporting enduring stamina and a healthy lifestyle through the years.",保持最佳的身体平衡与活力，支持持久的耐力和健康的生活方式。,身体のバランスを最適に維持し、歳月が流れても活気に満ちたエネルギーと基礎体力を失わないよう守ります。,"Mantiene un equilibrio físico y vigor óptimos, apoyando una resistencia duradera y un estilo de vida saludable.",26
Pebble of Patience,Steady Step,인내의 조약돌,꾸준한 발걸음,毅力之卵石,稳健步伐,忍耐の小石,着実な一歩,Piedra de Paciencia,Paso Constante,반복되는 지루한 일상과 수련을 견디는 인내심을 줍니다. 작은 성과들이 쌓여 거대한 산이 될 때까지 포기하지 않는 끈기를 주어 반드시 목표에 도달하게 합니다.,common,earth,"(신용, 자산, 견고한 기반)","Grants the patience to endure repetitive routines and training, allowing small achievements to stack into a giant mountain of success.",赋予忍受重复枯燥的日常生活和磨练的耐心，使微小的成果堆积成巨大的成功之山。,繰り返される退屈な日常と修練に耐える忍耐力を与えます。小さな成果を積み上げ、巨大な成功の山へと変えます。,"Otorga la paciencia para soportar rutinas y entrenamientos repetitivos, permitiendo que los pequeños logros se conviertan en un éxito masivo.",27
Clay of Skill Absorption,Fast Learning,습득의 점토,쾌속 학습,吸收之粘土,极速学习,習得の粘土,快速学習,Arcilla de Absorción,Aprendizaje Rápido,새로운 소프트웨어나 도구 사용법을 마치 흙을 만지듯 쉽게 익히게 합니다. 복잡한 매뉴얼 없이도 본능적으로 기술의 핵심을 파악하여 실무에 즉각 적용하게 돕습니다.,common,earth,"(신용, 자산, 견고한 기반)","Makes learning new software or tools as easy as playing with clay, mastering technical skills in a short time without manuals.",学习新的软件或工具使用方法就像玩泥巴一样简单，无需复杂的说明书即可在短时间内掌握技术技能。,新しいソフトウェアやツールの使い方を、まるで泥遊びをするように簡単に習得させ、短時間で技術的スキルをマスターさせます。,"Hace que aprender nuevos programas o herramientas sea tan fácil como jugar con barro, dominando habilidades técnicas en poco tiempo.",28
Sand of Saving,Frugal Mind,저축의 모래,검소한 정신,储蓄之砂,勤俭之心,貯蓄の砂,節約精神,Arena de Ahorro,Mente Frugal,불필요한 지출 욕구를 억제하고 자산이 조금씩 쌓이는 재미를 극대화합니다. 티끌 모아 태산이라는 말처럼 사소한 이득들이 모여 탄탄한 종잣돈이 되도록 상황을 유도합니다.,common,earth,"(신용, 자산, 견고한 기반)","Suppresses unnecessary spending desires and maximizes the fun of accumulating assets, instilling the habit of saving.",抑制不必要的支出欲望，使资产逐渐积累的乐趣最大化，养成聚沙成塔的理财习惯。,不必要な支出欲求を抑制し、資産が貯まる楽しさを最大化します。塵も積もれば山となる習慣を骨の髄まで叩き込みます。,"Suprime los deseos de gastos innecesarios y maximiza la diversión de acumular activos, inculcando el hábito del ahorro constante.",29
Quartz of Reliability,Solid Trust,신뢰의 석영,견고한 믿음,信任石英,坚实可靠,信頼の石英,堅実な信頼,Cuarzo de Fiabilidad,Confianza Sólida,소지자에게 말 한마디의 무게를 더해줍니다. 주변 사람들이 소지자를 '믿을 수 있는 사람'으로 인식하게 하여 중요한 업무나 고액의 투자를 전적으로 맡기게 하는 신뢰의 운입니다.,uncommon,earth,"(신용, 자산, 견고한 기반)","Adds weight to every word spoken, causing others to regard the holder as a 'trustworthy person' with the power of a contract.",为持有者的每一句话增添重量，使周围人将持有者视为‘值得信赖的人’，赋予言语以合同般的效力。,持ち主の言葉一つひとつに重みを加え、周囲の人々に「信頼できる人」という認識を植え付け、言葉に契約のような効力を持たせます。,"Agrega peso a cada palabra dicha, haciendo que los demás vean al poseedor como una persona de confianza con el poder de un contrato.",30
Granite Professionalism,Unshakable Base,전문성의 화강암,흔들리지 않는 기반,职业操守花岗岩,不动根基,専門性の花崗岩,揺るぎない基盤,Granito de Profesionalismo,Base Inquebrantable,외부의 비난이나 압박에도 흔들리지 않는 작업 태도를 완성합니다. 개인적인 슬픔이나 기쁨에 상관없이 항상 일정한 퀄리티의 결과물을 내놓는 프로 중의 프로가 되게 합니다.,uncommon,earth,"(신용, 자산, 견고한 기반)","Completes a work attitude unshaken by external criticism, maintaining professional focus regardless of personal emotions.",完成不被外部指责或压力所动摇的工作态度，无论个人情感如何都能保持专业的专注状态。,外部の非難や圧力にも揺るがない作業態度を完成させます。個人的な感情に左右されず、プロフェッショナルな集中を維持します。,"Completa una actitud de trabajo inquebrantable ante críticas externas, manteniendo el enfoque profesional sin importar las emociones.",31
Root of Networking,Deep Connection,인맥의 뿌리,깊은 연결,人脉之根,深度联结,人脈の根,深い繋がり,Raíz de Networking,Conexión Profunda,"가벼운 인맥이 아니라, 소지자가 위기에 처했을 때 발 벗고 나설 진정한 조력자들을 땅속의 뿌리처럼 깊게 연결합니다. 시간이 갈수록 견고해지는 강력한 인적 인프라를 구축합니다.",uncommon,earth,"(신용, 자산, 견고한 기반)","Connects the holder to true supporters who will help during a crisis, like finding gold veins in the ground.",与那些在持有者面临危机时会挺身相助的真正支持者建立联系，如同在地下发现金脉。,軽い人脈ではなく、危機に際して率先して助けてくれる真の助力者たちを、地中の金脈のように引き寄せ、繋ぎ合わせます。,"Conecta al poseedor con verdaderos colaboradores que lo ayudarán en una crisis, como encontrar vetas de oro en la tierra.",32
Basalt of Physical Immunity,Ergonomic Support,신체 면역의 현무암,강건한 신체 기반,身体免疫玄武岩,身体支撑,身体免疫の玄武岩,身体基盤のサポート,Basalto de Inmunidad Física,Soporte Ergonómico,장시간 업무 중에도 올바른 자세를 유지하도록 도와 근육의 부담을 줄이고 건강한 신체 기반을 다지게 합니다.,rare,earth,"(신용, 자산, 견고한 기반)","Supports ergonomic posture during long work hours, significantly reducing physical strain and building a healthy foundation.",在长时间工作中支持人体工程学姿势，显著减少身体负担并建立健康的基盘。,長時間の業務中でも正しい姿勢を維持できるよう助け、筋肉の負担を軽減して健康な身体基盤を構築します。,"Apoya una postura ergonómica durante largas horas de trabajo, reduciendo significativamente la tensión física.",33
Emerald of Land Luck,Strategic Asset Vision,기회의 지각석,자산 통찰력,机会地壳石,资产洞察,機会の地殻石,資産への洞察力,Piedra de Oportunidad,Visión de Activos Estratégicos,장기적인 가치가 높은 입지와 자산을 알아보는 뛰어난 안목을 주어 안정적인 부의 기반을 마련하도록 돕습니다.,rare,earth,"(신용, 자산, 견고한 기반)","Grants sharp insight to identify high-value long-term assets, building a stable and enduring economic foundation.",赋予敏锐的眼光来识别高价值的长期资产，从而建立稳定持久的经济基础。,長期的な価値が高い立地や資産を見抜く優れた眼識を与え、安定した富の基盤を築く手助けをします。,"Brinda una visión aguda para identificar activos de alto valor a largo plazo, construyendo una base económica estable.",34
Topaz of Generosity,Grateful Return,업보의 토양,증폭된 보답,因果之土,放大回报,業の土壌,増幅された報い,Suelo de Karma,Recompensa Amplificada,베푼 것 이상의 보답이 반드시 돌아오는 카르마의 땅을 만듭니다. 작은 호의가 나중에 거대한 사업적 계약이나 목숨을 구하는 도움으로 되돌아오는 선순환의 고리를 완성합니다.,rare,earth,"(신용, 자산, 견고한 기반)","Creates a 'Land of Karma' where small favors returned are multiplied, eventually returning as massive opportunities.",创造一片‘因果之地’，任何施予的小恩惠都会得到数倍的回报，最终转化为巨大的商务机会。,施した以上の報いが必ず返ってくる「カルマの地」を作り、小さな親切を巨大なチャンスとして戻します。,"Crea una 'Tierra de Karma' donde los pequeños favores otorgados se multiplican, regresando como grandes oportunidades.",35
Heart of the Continent,Sovereign Wealth,절대 방어의 보루,불침의 자산,绝对防御堡垒,不沉资产,絶対防御の要塞,不沈の資産,Bastión de Defensa Absoluta,Activo Inquebrantable,"전 세계 시장이 흔들려도 소지자의 자산만은 요지부동입니다. 금보다 안전하고 부동산보다 견고한 경제적 요새를 구축하여, 대공황이 와도 가문 전체가 풍족하게 살 수 있는 기반을 다집니다.",epic,earth,"(신용, 자산, 견고한 기반)","Keeps assets immovable even if the global market shakes, creating an absolute defensive wall safer than gold.",即使全球市场动荡，持有者的资产也稳如泰山，拥有比黄金更安全、更坚固的绝对防御墙。,全世界の市場が揺れても、持ち主の資産だけは揺るぎません。金より安全で堅固な、絶対的な防衛壁を構築します。,"Mantiene los activos inamovibles incluso si el mercado global tiembla, creando una barrera defensiva más segura que el oro.",36
Ironwood Contract,Inviolable Trust,운명의 구속석,강철의 신뢰,命运束缚石,坚不可摧的信任,運命の束縛石,揺るぎない信頼,Piedra de Vínculo de Destino,Confianza Inviolable,모든 파트너십을 상호 신뢰와 이익이 보장되는 견고한 관계로 만들어 서로 최고의 시너지를 내는 환경을 조성합니다.,epic,earth,"(신용, 자산, 견고한 기반)","Strengthens partnerships into robust, trust-based relationships, fostering an environment for maximum synergy.",将伙伴关系加强为稳固、基于信任的关系，营造发挥最大协同效应的环境。,あらゆるパートナーシップを相互信頼と利益が保証される堅固な関係に変え、最高のシナジーを生む環境を整えます。,"Fortalece las asociaciones en relaciones robustas basadas en la confianza, fomentando la máxima sinergia.",37
Adamantine Foundation,Indestructible Life,다이아몬드 불멸성,불굴의 복원력,金刚不朽性,不屈弹性,金剛の不滅性,不屈の復元力,Inmortalidad de Diamante,Resiliencia Inquebrantable,"사회적, 경제적, 신체적 어떤 측면에서도 '무너짐'이 없는 존재가 됩니다. 어떠한 공격이나 재앙도 소지자의 삶이라는 거대한 성벽을 뚫지 못하며, 절대적인 안전지대를 창조합니다.",legendary,earth,"(신용, 자산, 견고한 기반)","Ensures the holder never 'collapses' in social or economic aspects, bouncing back with 10 times the force after any attack.",确保在社会、经济、身体的任何方面都不会‘倒下’，在任何攻击后都能以10倍的力量反弹。,社会的、経済的にいかなる側面においても「崩れ」のない存在となり、攻撃を受けても10倍の力で跳ね返します。,"Asegura que el poseedor nunca se desmorone en aspectos sociales o económicos, recuperándose con 10 veces más fuerza tras un ataque.",38
Gaia’s Core Jewel,World Architect,창조주의 분광석,현실 재설계,创造者之分光石,现实重塑,創造主の分光石,現実の再設計,Prisma del Creador,Rediseño de Realidad,"세상의 물리적 법칙과 경제적 시스템을 자신의 입맛에 맞게 재설계합니다. 무에서 유를 창조하는 기업가적 능력을 넘어, 새로운 가치 체계를 세우고 인류의 삶의 방식을 결정하는 지배자가 됩니다.",legendary,earth,"(신용, 자산, 견고한 기반)","Redesigns the physical laws and economic systems of the world to the holder's taste, creating something out of nothing.",根据自己的口味重新设计世界的物理定律和经济体系，赋予从无到有创造万物的神力。,世界の物理法則と経済システムを自分の好みに再設計し、無から有を創造する神のごとき権能を具現化します。,"Rediseña las leyes físicas y los sistemas económicos del mundo al gusto del poseedor, creando algo de la nada.",39
Feather of Light Travel,Commute Ease,항해의 산들바람,신호 가속기,航行之微风,信号加速,航海の微風,信号加速器,Brisa de Navegación,Acelerador de Señales,"출퇴근길의 모든 교통 체증을 바람처럼 피해 갑니다. 소지자가 도착하는 곳마다 신호가 바뀌고 대기 시간이 사라져, 하루에 버려지는 이동 시간을 혁신적으로 단축합니다.",common,wind,"(소통, 속도, 정보 전파)","Avoids all traffic congestion like the wind, causing traffic lights to change as the holder arrives.",像风一样避开上下班路上的所有交通拥堵，每当持有者到达时信号灯就会变换，确保永不迟到。,通勤途中のあらゆる交通渋滞を風のように避け、持ち主が到着する場所の信号を操り、決して遅刻させません。,"Evita todos los atascos de tráfico como el viento, haciendo que los semáforos cambien al llegar el poseedor.",40
Zephyr of Inspiration,Idea Breeze,산들바람의 영감,창의적 벼락,灵感之微风,创意之霆,霊感の微風,創造の雷光,Brisa de Inspiración,Rayo Creativo,산책 중이나 샤워 중에 뇌를 자극하는 신선한 아이디어를 배달해 줍니다. 막혔던 기획안의 실마리가 바람을 타듯 가볍게 떠올라 창조적인 스트레스를 말끔히 해소해 줍니다.,common,wind,"(소통, 속도, 정보 전파)","Delivers fresh ideas that stimulate the brain during walks or showers, revealing solutions like a flash of lightning.",在散步或洗澡时送达刺激大脑的新鲜创意，像闪电般揭开陷入僵局的策划或创作的谜底。,散歩中やシャワー中に脳を刺激するアイデアを届け、行き詰まっていた解決策を雷のように閃かせます。,"Entrega ideas frescas que estimulan el cerebro durante paseos o duchas, revelando soluciones como un rayo de luz.",41
Whisper of Social Context,Atmosphere Reader,통찰의 바람,사교의 주역,洞察之风,社交主角,洞察の風,社交の主役,Viento de Perspicacia,Protagonista Social,"모임의 분위기와 사람들의 속마음을 바람의 흐름처럼 읽어냅니다. 지금 내가 무슨 말을 해야 환영받을지, 혹은 입을 다물어야 할지 정확히 판단하게 하여 사교의 달인이 되게 합니다.",common,wind,"(소통, 속도, 정보 전파)","Reads the atmosphere of a gathering and people's inner thoughts like the wind, instinctively knowing what to say.",像风的流动一样读取聚会的气氛和人们的内心，本能地知道该说什么来成为主角。,集まりの雰囲気と人々の本音を風の流れのように読み取り、今何を言うべきか本能的に察知させます。,"Lee la atmósfera de una reunión y los pensamientos de las personas como el viento, sabiendo instintivamente qué decir.",42
Gale of Rapid Working,Windspeed Tasker,가속의 돌풍,삼배속의 위력,加速之狂风,三倍速之威,加速の疾風,三倍速の威力,Vendaval de Aceleración,Triple Velocidad,"타이핑 속도와 사고 회로를 3배 이상 가속합니다. 남들이 하루 종일 걸릴 분량의 리포트나 코딩을 단 몇 시간 만에 끝내게 하며, 여유로운 오후를 보낼 수 있는 자유를 선사합니다.",uncommon,wind,"(소통, 속도, 정보 전파)","Accelerates typing speed and thought processes by more than 3 times, completing a whole day's work in one hour.",将打字速度和思维回路加速3倍以上，使他人需要一整天处理的报告或文件在1小时内完成。,タイピング速度と思考回路を3倍以上加速させ、他人が一日かかる文書を一時間以内に完遂させます。,"Acelera la velocidad de escritura y los procesos de pensamiento más de 3 veces, completando el trabajo de un día en una hora.",43
Aether Link of Language,Global Tongue,언어 습득의 미풍,어감의 달인,语言学习之轻风,语感大师,語学習得の微風,ニュアンスの達人,Céfiro de Aprendizaje,Maestro del Matiz,낯선 외국어나 전문 용어를 습득하는 속도가 비약적으로 상승합니다. 원어민의 뉘앙스를 바람처럼 부드럽게 캐치하여 소통의 장벽을 허물고 전 세계 어디서든 당당히 대화하게 돕습니다.,uncommon,wind,"(소통, 속도, 정보 전파)","Vastly increases the speed of acquiring foreign languages or technical terms, grasping native nuances like the wind.",飞跃式提高学习陌生外语或专业术语的速度，像风一样掌握母语者的语感。,見知らぬ外国語や専門用語を習得する速度を飛躍的に高め、ネイティブのニュアンスを風のように掴み取ります。,"Aumenta enormemente la velocidad de aprendizaje de idiomas o términos técnicos, captando matices nativos como el viento.",44
Draft of Market Agility,Pivot Master,전환의 바람,전략적 유연함,转型之风,战略灵活性,転換の風,戦略的柔軟性,Viento de Giro,Flexibilidad Estratégica,"상황 변화에 맞춰 사업이나 투자 방향을 즉각적으로 전환하는 유연함을 줍니다. 고집 부리다 망하는 대신, 바람의 방향을 타고 가장 이익이 되는 곳으로 빠르게 옮겨가는 민첩성을 부여합니다.",uncommon,wind,"(소통, 속도, 정보 전파)",Provides the flexibility to switch business or investment directions according to changes in the environment.,赋予根据环境变化立即切换业务或投资方向的灵活性，防止因固执造成的损失。,状況の変化に合わせて事業や投資の方向を即座に転換する柔軟性を与え、損を避けて利益の道へと乗り換えさせます。,Proporciona la flexibilidad para cambiar las direcciones de negocio o inversión según los cambios en el entorno.,45
Cyclone of Viral Fame,Digital Tempest,확산의 태풍,무비용 홍보,传播之飓风,零成本营销,拡散の台風,宣伝費ゼロの伝播,Tifón de Viralidad,Mercadeo Sin Costo,"SNS에 올린 작은 게시물이 태풍처럼 전 세계로 퍼져나갑니다. 마케팅 비용 없이도 수백만 명의 관심을 사로잡으며, 하룻밤 사이에 글로벌 인플루언서나 명사로 등극하게 만드는 전파력을 줍니다.",rare,wind,"(소통, 속도, 정보 전파)","Causes a small post on social media to spread across the world like a typhoon, creating viral effects without marketing costs.",在社交媒体上发布的小帖子像台风一样传遍全球，无需营销费用即可创造数百万的点击量和病毒效应。,SNSに投稿した小さな投稿が台風のように全世界へ広がり、広告費なしで数百万のアクセスと爆발적인 바이럴 효과를 일으킵니다. (수정: 爆発的な拡散を引き起こします),"Hace que una pequeña publicación en las redes sociales se extienda por el mundo como un tifón, creando efectos virales masivos.",46
Sky-Gate Opal,Logistics Overlord,무역풍의 효율,자원 통제자,贸易风之效能,资源掌控者,貿易風の効率,資源の統制者,Eficiencia Alisia,Controlador de Recursos,"물류, 유통, 무역 분야에서 압도적인 효율성을 발휘합니다. 전 세계의 자원이 소지자가 원하는 곳으로 가장 저렴하고 빠르게 이동하며, 보이지 않는 공급망을 지배하는 유통의 제왕이 되게 합니다.",rare,wind,"(소통, 속도, 정보 전파)","Exhibits overwhelming efficiency in logistics and trade, causing global resources to move precisely as the holder desires.",在物流、配送、贸易领域发挥压倒性的效率，使全球资源按照持有者的意愿快速准确地移动。,物流、流通、貿易の分野で圧倒的な効率性を発揮し、全世界のリソースを持ち主が望む場所へ迅速かつ正確に移動させます。,"Exhibe una eficiencia abrumadora en logística y comercio, haciendo que los recursos globales se muevan según el deseo del poseedor.",47
Echo of Reputational Bloom,Fragrant Name,명성의 미풍,신뢰받는 이름,名望之微风,可信之名,名声の微風,信頼される名,Brisa de Reputación,Nombre de Confianza,"소지자의 평판이 좋은 소문을 타고 멀리 퍼져나갑니다. 직접 만나지 않은 사람들도 소지자의 이름을 경외하며, 미팅 전부터 이미 유리한 조건을 제시받게 하는 보이지 않는 힘을 발휘합니다.",rare,wind,"(소통, 속도, 정보 전파)","Spreads the holder's reputation far through positive rumors, making people trust the name and value before even meeting.",持有者的名声随着好评传遍四方，使人们在见到持有者之前就信任其名字和价值。,持ち主の評判が良い噂に乗って遠くまで広がり、直接会う前の人々でさえ、その名前と価値を先に信頼するようになります。,"Difunde la reputación del poseedor a través de rumores positivos, logrando que la gente confíe en su valor antes de conocerlo.",48
Eye of the Storm Sanctuary,Chaos Shield,폭풍의 눈,안전한 피난처,风暴之眼,安全避风港,台風の目,安全な避難所,Ojo de la Tormenta,Refugio Seguro,전쟁이나 금융 위기 같은 대격변의 시기에도 소지자가 속한 영역은 기적적으로 평온을 유지합니다. 주변이 모두 무너질 때 혼자만 최고의 수익률을 올리며 위기를 기회로 바꾸는 기적을 행합니다.,epic,wind,"(소통, 속도, 정보 전파)","Maintains miraculous tranquility in the holder's domain even during upheavals like war, keeping assets and safety protected.",即使在战争或金融危机等大剧变时期，持有者所属的领域也能奇迹般地保持平静，保护资产和安全。,戦争や金融危機のような大激変の時期でも、持ち主が属する領域は奇跡的に平穏を維持し、資産と安全を完璧に守り抜きます。,"Mantiene una tranquilidad milagrosa incluso en tiempos de agitación, manteniendo los activos y la seguridad bajo protección total.",49
Whirlwind of Opportunity,Infinite Chance,기회의 바람,끊임없는 제안,机遇之风,源源不断的提议,好機の風,絶え間ない提案,Vientos de Oportunidad,Ofertas Perpetuas,"사방에서 기회의 바람이 불어옵니다. 가만히 있어도 좋은 제안, 투자 기회, 인연이 끊임없이 찾아오며 인생에서 '운이 없다'는 말이 소지자의 사전에서 영원히 사라지게 만듭니다.",epic,wind,"(소통, 속도, 정보 전파)","Brings winds of opportunity from all directions, ensuring proposals and connections constantly arrive even if staying still.",来自四面八方的机会之风吹来，即使坐着不动，好的提议、投资机会和人脉也会不断涌现。,四方からチャンスの風が吹き込み、じっとしていても、良い提案や投資機会、縁が絶え間なく押し寄せるようになります。,"Atrae vientos de oportunidad de todas las direcciones, asegurando que las propuestas y conexiones lleguen constantemente.",50
Breath of the World Spirit,Omnipresent Mind,세계 맥동의 통찰,실시간 자각,世界脉动洞察,实时觉知,世界の脈動の洞察,リアルタイム自覚,Perspicacia del Pulso del Mundo,Conciencia en Tiempo Real,"전 세계의 정보를 실시간으로 호흡하듯 파악합니다. 어떤 사건이 일어나기도 전에 그 징조를 느끼며, 지구 반대편의 기회조차 내 손 안의 일처럼 다루는 초국가적 지배력을 선사합니다.",legendary,wind,"(소통, 속도, 정보 전파)","Grasps global information in real-time as if breathing, detecting signs of events before they happen to stay ahead.",像呼吸一样实时掌握全球信息，在事件发生前察觉征兆，始终领先一步。,全世界の情報をリアルタイムで呼吸するように把握し、事件が起こる前にその兆候を察知して、常に一歩先を行かせます。,"Capta la información global en tiempo real como si respirara, detectando signos de eventos antes de que sucedan para ir siempre un paso adelante.",51
Infinite Gale of Freedom,Cosmic Traveler,창공의 자유,무한한 해방,苍穹之自由,无限解放,蒼穹の自由,無限の解放,Libertad del Firmamento,Liberación Infinita,"모든 사회적 굴레와 물리적 한계에서 벗어납니다. 돈, 시간, 공간에 얽매이지 않고 자신이 원하는 삶을 즉각적으로 실현하며, 누구에게도 구속받지 않는 완전한 자유의 존재가 됩니다.",legendary,wind,"(소통, 속도, 정보 전파)","Frees the holder from all social constraints and physical limits, allowing a life defined solely by one's own will.",摆脱所有社会束缚和物理限制，不受金钱、时间、空间的束缚，过上由自己意志定义的生活。,あらゆる社会的束縛と物理的限界から解放し、金、時間、空間に縛られず、自分の意志だけで定義される人生を歩ませます。,"Libera al poseedor de todas las limitaciones sociales y físicas, permitiendo una vida definida únicamente por su propia voluntad.",52
Glow of Confidence,Aura Glow,첫인상의 광택,즉각적인 호감,初见之光泽,瞬间好感,初対面の光沢,即座の好感,Lustre de Primera Impresión,Favor Inmediato,면접이나 첫 만남에서 소지자의 인상을 빛나게 만듭니다. 특별한 말을 하지 않아도 긍정적이고 정직한 사람이라는 확신을 주어 상대의 경계심을 즉각 해제하는 빛의 장막을 형성합니다.,common,light,"(진실, 명성, 영감)","Makes the holder's impression shine during meetings, creating a positive image that makes others want to work together.",在面试或初次见面中使持有者的印象闪闪发光，营造积极好感的形象，使对方产生强烈的合作欲望。,面接や初対面で持ち主の印象を輝かせ、特別な言葉がなくてもポジティブで好感の持てるイメージを植え付けます。,"Hace que la impresión del poseedor brille en las reuniones, creando una imagen positiva que atrae a los demás a colaborar.",53
Prism of Clarity,Data Shined,지표의 조명자,수치의 명료함,指标照明者,数据清晰,指標の照明者,数値の明瞭さ,Iluminador de Métricas,Claridad Numérica,복잡한 엑셀 시트나 난해한 보고서 속에서 핵심적인 수치와 문제점을 빛으로 비추듯 강조해 보여줍니다. 정보의 홍수 속에서 길을 잃지 않고 최선의 전략을 수립하게 돕습니다.,common,light,"(진실, 명성, 영감)","Highlights key figures and problems in complex reports as if illuminating them with light, allowing for accurate decisions.",在复杂的表格或艰涩的报告中，像用光照射一样突出核心数值和问题点，实现快速准确的决策。,複雑な資料や難解な報告書の中から、核心的な数値と問題点を光で照らすように強調し、迅速で正確な意思決定を助けます。,"Resalta cifras y problemas clave en informes complejos como if los iluminara con luz, permitiendo decisiones rápidas y precisas.",54
Flicker of Hope,Depression Burner,긍정의 햇살,절망의 소멸,乐观之阳光,焚毁绝望,肯定の陽光,絶望の消滅,Brillo de Positivismo,Extintor de Desesperación,마음속에 스며드는 우울함과 무력감을 순식간에 태워버립니다. 매일 아침 태양을 본 듯한 긍정적인 에너지를 주입하여 다시 일어서서 나아갈 수 있는 내면의 빛을 유지합니다.,common,light,"(진실, 명성, 영감)","Instantly burns away depression and helplessness, maintaining a positive and energetic mind as if seeing the sun every morning.",瞬间烧掉渗入内心的忧郁和无力感，每天早晨保持如同见到太阳般积极充满活力的心态。,心に忍び込む憂鬱感や無力感を瞬時に焼き払い、毎朝太陽を見たようなポジティブで活力に満ちたマインドを維持させます。,"Quema instantáneamente la depresión y la impotencia, manteniendo una mente positiva y enérgica como si viera el sol cada mañana.",55
Beacon of Leadership,Guiding Light,지도력의 등대,명확한 방향,领导力之灯塔,明确方向,指導力の灯台,명확한 방향성,Faro de Liderazgo,Dirección Clara,"어두운 상황에서도 팀원들이 믿고 따를 수 있는 명확한 방향성을 제시합니다. 소지자의 말은 곧 신념이 되며, 혼란에 빠진 조직을 승리로 이끄는 고귀한 리더의 품격을 부여합니다.",uncommon,light,"(진실, 명성, 영감)","Provides a clear direction for team members even in dark situations, making the holder's words a lighthouse for the organization.",即使在黑暗的情况下，也为团队成员提供可以信任并追随的明确方向，使持有者的言论成为整个组织的灯塔。,暗い状況でもチームメンバーが信じて従える明確な方向性を提示し、持ち主の言葉を組織全体の灯台へと変えます。,"Proporciona una dirección clara para el equipo incluso en situaciones oscuras, convirtiendo las palabras del poseedor en un faro.",56
Ray of Aesthetics,Golden Ratio,신성한 미학석,거장의 손길,神圣美学石,大师之触,神聖な美学石,巨匠の手法,Piedra Estética Divina,Toque del Maestro,"디자인, 패션, 예술 등 모든 미적인 분야에서 신적인 감각을 일깨웁니다. 소지자가 손대는 모든 결과물은 대중이 가장 아름답다고 느끼는 황금 비율을 갖추게 되어 명품의 반열에 오릅니다.",uncommon,light,"(진실, 명성, 영감)","Awakens a divine sense in all aesthetic fields, making everything the holder touches a luxury and a work of art.",在设计、时尚、艺术等所有审美领域觉醒神一般的感官，使持有者接触的一切都成为奢侈品和艺术品。,デザイン、ファッション、アートなどの美的分野で神がかった感覚を呼び覚まし、手がけるものすべてを芸術作品へと変えます。,"Despierta un sentido divino en todos los campos estéticos, convirtiendo todo lo que toca el poseedor en una obra de arte.",57
Halogen of Efficiency,Visual Memory,순간 기억의 수정,완전한 회상,瞬间记忆水晶,完美回想,瞬間記憶の水晶,完全なる回想,Cristal de Memoria Flash,Recuerdo Total,한 번 본 장면이나 문서를 사진 찍듯 머릿속에 밝게 저장합니다. 필요할 때마다 그 기억의 조명을 켜서 정확한 정보를 인출하게 하여 시험이나 미팅에서 완벽한 지적 능력을 뽐내게 합니다.,uncommon,light,"(진실, 명성, 영감)","Stores every scene or document seen once in the mind clearly like a photograph, retrieving information with 100% accuracy.",像拍照一样将看过的场景或文档清晰地存储在脑海中，需要时以100%的准确度提取该记忆。,一度見た場面や文書を写真に撮るように脳内へ鮮明に保存し、必要な時にいつでも100%正確に引き出せるようにします。,"Almacena cada escena o documento visto en la mente con la claridad de una fotografía, recuperando la información con total precisión.",58
Supernova of Stardom,Global Influence,떠오르는 별의 보석,글로벌 인플루언스,冉冉新星石,全球影响力,昇る星の宝石,グローバルな影響力,Joya de Estrella Naciente,Influencia Global,소지자의 진정성이 전 세계에 알려지며 강력한 팬덤을 형성하고 긍정적인 사회적 유행을 선도하게 합니다.,rare,light,"(진실, 명성, 영감)","Spreads the holder's authenticity globally, building a powerful following and leading positive social trends.",向全球传播持有者的真实性，建立强大的粉丝群并引领积极的社会潮流。,持ち主の真実性が世界中に広まり、強力なファン層を形成して肯定的な社会的流行を先導するようにします。,"Difunde la autenticidad del poseedor globalmente, creando seguidores poderosos y liderando tendencias sociales positivas.",59
Verdict Radiance,Legal Aegis,정의의 빛,진실의 증거,正义之光,真相之证,正義の光,真実の証明,Luz de Justicia,Prueba de la Verdad,"법적인 분쟁이나 억울한 누명 속에서 진실의 빛을 밝힙니다. 결정적인 증거가 소지자에게 유리하게 발견되거나, 판관의 마음을 움직여 정의로운 승리를 쟁취하게 하는 무적의 보호막을 제공합니다.",rare,light,"(진실, 명성, 영감)","Illuminates the light of truth in legal disputes, causing decisive evidence to turn in the holder's favor to clear suspicions.",在法律纠纷或冤屈的指责中照亮真理之光，使决定性的证据向有利于持有者的方向发展，洗清所有嫌疑。,法的な紛争や冤罪の中で真実の光を照らし、決定的な証拠を持ち主に有利に働かせ、すべての疑いを晴らします。,"Ilumina la luz de la verdad en disputas legales, logrando que las pruebas decisivas favorezcan al poseedor para limpiar su nombre.",60
Flash of Pure Genius,Eureka Instant,깨달음의 금강석,즉각적 해답,悟之金刚石,瞬间解答,悟りの金剛石,即座の解答,Diamante de Iluminación,Respuesta Instantánea,수년간 고민해도 풀리지 않던 난제에 대해 찰나의 순간 완벽한 해답을 보여줍니다. 노벨상급의 학술적 발견이나 시장을 뒤흔들 발명품을 탄생시키는 결정적인 영감의 섬광을 내립니다.,rare,light,"(진실, 명성, 영감)","Shows the perfect answer in an instant for challenges unsolved for years, granting brilliance for Nobel-level breakthroughs.",对数年无法解决的难题瞬间给出完美的答案，赋予实现诺贝尔奖级突破的才华。,数年間悩んでも解けなかった難題に対し、刹那の瞬間に完璧な解答を見せ、ノーベル賞級のブレイクスルーを成し遂げさせます。,"Muestra la respuesta perfecta en un instante para desafíos de años, otorgando brillantez para avances de nivel Nobel.",61
Golden Ratio Diamond,Perfectionist Edge,업계 표준의 황금,절대적 기준,行业标准之金,绝对基准,業界標準の黄金,絶対的な基準,Oro de Estándar Industrial,Punto de Referencia Absoluto,소지자가 만드는 모든 제품이나 서비스가 업계의 표준(Standard)이 되게 합니다. 감히 넘볼 수 없는 완성도를 갖추게 하여 경쟁자들을 스스로 포기하게 만드는 압도적인 격의 차이를 만듭니다.,epic,light,"(진실, 명성, 영감)","Ensures every product or service created becomes the industry standard, making competitors follow the paved path.",使持有者制造的所有产品或服务成为行业标准，让竞争对手只能追随持有者开辟的道路。,持ち主が作るすべての製品やサービスが業界の標準となり、競合他社は持ち主が作った道を追いかけるしかなくなります。,"Asegura que cada producto o servicio creado sea el estándar de la industria, obligando a los competidores a seguir su camino.",62
Aureola of Influence,Savior’s Charisma,희망의 봉화,구원자의 휘광,希望之烽火,救世主之光芒,希望の烽火,救済者の輝き,Faro de Esperanza,Carisma del Salvador,"소지자의 존재 자체가 사람들에게 구원이자 희망이 됩니다. 소지자의 신념을 따르는 거대 종교나 사상적 집단이 형성되며, 세상을 선한 방향으로 개혁하는 신성한 권력을 소유하게 됩니다.",epic,light,"(진실, 명성, 영감)","Makes the holder's existence a source of salvation and hope, gathering a massive following that respects their beliefs.",使持有者的存在本身成为人们的救赎和希望，聚集起追随持有者信念的庞大信众和尊敬。,持ち主の存在自体が人々にとって救いであり希望になります。その信念に従う巨大な支持と尊敬を集めるようになります。,"Hace que la existencia misma del poseedor sea una fuente de salvación, reuniendo un seguimiento masivo que respeta sus creencias.",63
Nova of Enlightenment,Clarity of Insight,깨달음의 신성,명료한 통찰,觉醒之新星,清晰洞察,覚醒の新星,明瞭な洞察,Nova de Iluminación,Claridad de Visión,복잡한 세상 이면의 패턴을 꿰뚫어 보는 지적 통찰력을 주어 혼란 속에서도 명확한 최선의 해답을 찾게 합니다.,legendary,light,"(진실, 명성, 영감)","Grants intellectual insight to see through complex patterns, finding the clearest and best solutions amidst confusion.",赋予洞察复杂模式的智力见解，在混乱中找到最清晰、最好的解决方案。,複雑な世界の裏側にあるパターンを見抜く知的な洞察力を与え、混乱の中でも明快な最善の解を見つけ出します。,"Brinda una visión intelectual para discernir patrones complejos, encontrando las mejores soluciones en la confusión.",64
Solaris Core,Creator’s Will,태양의 핵,창조주의 의지,烈阳之核心,创造者之意志,太陽の核,創造主の意志,Núcleo de Solaris,Voluntad del Creador,"소지자의 의지 자체가 곧 법과 진리가 됩니다. 빛이 세상을 창조하듯 소지자가 말하는 대로 새로운 질서가 세워지며, 인류 역사를 자신의 손으로 직접 써 내려가는 신적인 권능을 행사합니다.",legendary,light,"(진실, 명성, 영감)","Makes the holder's will itself the law and truth, granting the power to make things happen exactly as spoken.",使持有者的意志本身成为法律和真理，赋予言出法随的力量，如同光创造世界一般。,持ち主の意志自体が法であり真理となります。光が世界を創造したように、持ち主が言う通りに事が成る権能を与えます。,"Hace que la voluntad del poseedor sea la ley y la verdad, otorgando el poder de que las cosas sucedan tal como se dicen.",65
Shadow Wrap,Privacy Shield,그림자 외피,사생활의 방패,阴影外壳,隐私护盾,影の外皮,プライバシーの盾,Envoltura de Sombra,Escudo de Privacidad,"온라인과 오프라인에서 자신의 개인정보와 사생활을 완벽하게 은닉합니다. 해커나 스토커의 추적을 물리적으로 차단하며, 소지자가 원치 않는 정보는 세상 그 누구도 찾아낼 수 없게 감춥니다.",common,darkness,"(비밀, 심리, 그림자 권력)","Completely conceals personal information and privacy online and offline, erasing digital footprints from trackers.",在网络和现实中完美隐藏个人信息和隐私，使黑客或跟踪者无法追踪持有者的数字足迹。,オンラインとオフラインで自分の個人情報とプライバシーを完璧に隠匿し、追跡者からデジタル足跡を完全に消去します。,"Oculta la información personal y la privacidad en línea y fuera de línea, borrando las huellas digitales de cualquier rastreador.",66
Ink-Spot Onyx,Strategic Silence,칠흑의 마노,전략적 정적,墨色玛瑙,战略性缄默,漆黒の瑪瑙,戦略的な沈黙,ónice de Mancha de Tinta,Silencio Estratégico,"불필요한 말을 아끼고 상대를 관찰하는 침착함을 줍니다. 적절한 타이밍에 침묵함으로써 상대방이 스스로 패를 드러내게 만들고, 협상에서 우위를 점하는 그림자의 지혜를 선사합니다.",common,darkness,"(비밀, 심리, 그림자 권력)","Grants the calmness to observe the opponent, dominating the atmosphere by remaining silent at the right timing.",赋予省去不必要的言语并观察对方的冷静，通过在适当的时机保持沉默来支配现场氛围。,不必要な言葉を控え、相手を観察する冷静さを与えます。適切なタイミングで沈黙することで、その場の空気を支配させます。,"Otorga la calma para observar al oponente, dominando la atmósfera al permanecer en silencio en el momento adecuado.",67
Velvet Night,Instant Hibernation,벨벳의 밤,즉각적 동면,丝绒之夜,瞬间休眠,ベルベットの夜,即座の冬眠,Noche de Terciopelo,Hibernación Instantánea,단 10분만 눈을 붙여도 5시간을 잔 듯한 깊은 숙면 효과를 줍니다. 소음과 빛을 완벽히 차단하는 정신적 장막을 형성하여 언제 어디서든 뇌를 완벽히 충전할 수 있게 합니다.,common,darkness,"(비밀, 심리, 그림자 권력)","Provides the effect of a deep 5-hour sleep in just 10 minutes, maintaining peak condition regardless of noise or light.",仅闭眼10分钟就能获得如同深度睡眠5小时的效果，无论噪音或光线如何都能维持巅峰体能。,わずか10分目を閉じるだけで、5時間眠ったような深い熟眠効果を与え、最高の体調を維持させます。,"Brinda el efecto de un sueño profundo de 5 horas en solo 10 minutos, manteniendo la condición física óptima.",68
Obsidian of Introspection,Trauma Burner,성찰의 흑요석,상처의 소멸,反思之黑曜石,创伤焚毁者,内省の黒曜石,トラウマの消滅,Obsidiana de Introspección,Quemador de Traumas,"내면의 어두운 상처와 트라우마를 심연 속으로 집어삼켜 없애버립니다. 과거의 실수가 더 이상 발목을 잡지 못하게 하며, 강철 같은 멘탈로 무장하여 어떤 심리 공격에도 굴하지 않게 합니다.",uncommon,darkness,"(비밀, 심리, 그림자 권력)","Swallows and eliminates inner wounds and traumas into the abyss, ensuring past mistakes no longer hinder the future.",将内心的阴暗伤口和创伤吞噬进深渊并消除，确保过去的错误不再阻碍持有者的现在或未来。,内面の暗い傷やトラウマを深淵の中へ飲み込み、消し去ります。過去の過ちが、現在や未来を邪魔しないようにします。,"Traga y elimina las heridas y traumas internos en el abismo, asegurando que el pasado no obstaculice el futuro.",69
Cloak of Subconscious Reading,Mind Shadow,무의식 독해의 망토,정신의 그림자,潜意识读心斗篷,心灵之影,無意識読解の外套,精神の影,Manto de Lectura Subconsciente,Sombra Mental,대화 상대의 무의식적인 욕망과 두려움을 어둠 속에서 관찰하듯 명확히 읽어냅니다. 상대가 입으로 하는 말 뒤에 숨겨진 추악한 진실이나 간절한 소망을 파악하여 심리 전술을 펼칩니다.,uncommon,darkness,"(비밀, 심리, 그림자 권력)","Clearly reads subconscious desires and fears of others as if in the dark, giving the power to lead their hearts.",像在黑暗中观察一样清晰地读取对话方的潜意识欲望和恐惧，赋予持有者引导对方心灵的力量。,会話相手の無意識的な欲望と恐怖を暗闇の中で観察するように明確に読み取り、その心をリードする力を与えます。,"Lee claramente los deseos y temores subconscientes de los demás, otorgando el poder de guiar sus corazones.",70
Mist of Anonymity,Unseen Hand,익명의 안개,보이지 않는 손,匿名之雾,幕后黑手,匿名の霧,見えざる手,Niebla de Anonimato,Mano Invisible,"거대한 일을 성취하면서도 정작 자신의 정체는 드러나지 않게 합니다. '보이지 않는 큰손'으로 활동하며 배후에서 여론과 시장을 조종하고, 정작 자신은 안전한 어둠 속에서 과실만을 챙기게 합니다.",uncommon,darkness,"(비밀, 심리, 그림자 권력)","Achieve greatness while keeping identity hidden, ruling the world from the shadows as an 'invisible big hand.'",使持有者在成就大事的同时不暴露身份，作为‘幕后大手’从阴影中统治世界。,偉業を成し遂げながらも、自身の正体は明かされないようにします。「見えない大きな手」として、影から世界を統治させます。,"Logra grandes cosas manteniendo la identidad oculta, gobernando el mundo desde las sombras como una ""gran mano invisible"".",71
Void Ledger,Untraceable Wealth,허공의 장부,추적 불가한 부,虚空账本,无法追踪之富,虚空の帳簿,追跡不能な富,Libro de Cuentas del Vacío,Riqueza Inrastreable,"국가나 권력기관이 절대 추적할 수 없는 완벽한 비밀 자산망을 구축합니다. 세금, 압류, 해킹의 위협이 전혀 없는 어둠의 경제 영토를 소유하게 하여 영원히 마르지 않는 자금줄을 보장합니다.",rare,darkness,"(비밀, 심리, 그림자 권력)","Establish a perfect secret asset network that no authority can track, protecting assets from taxes or seizures.",构建任何国家或权力机构都绝对无法追踪的完美秘密资产网，确保免受税收、扣押或黑客攻击。,国家や権力機関が決して追跡できない完璧な秘密資産網を構築し、税金、差し押さえ、ハッキングから資産を完璧に保護します。,"Establece una red secreta de activos perfecta que ninguna autoridad podrá rastrear, protegiendo bienes de impuestos o embargos.",72
Nightmare Weaver,Rival’s Phobia,악몽의 직공,경쟁자의 공포,噩梦织手,对手之恐慌,悪夢の織り手,競合の恐怖,Tejedor de Pesadillas,Fobia del Rival,"자신을 해치려는 적들에게 극심한 공포와 환각을 심어줍니다. 적들이 스스로 무너져 내리게 하며, 소지자의 이름만 들어도 전의를 상실하게 만드는 강력한 심리적 저주를 반사적으로 발동합니다.",rare,darkness,"(비밀, 심리, 그림자 권력)","Plant extreme fear and hallucinations in enemies, causing them to collapse on their own and never approach again.",在企图伤害自己的敌人心中种下极度的恐惧和幻觉，使敌人自行崩溃，不敢再次接近。,自分を害そうとする敵たちに極度の恐怖と幻覚を植え付け、自ら崩れ落ちさせ、二度と近づけないようにします。,"Siembra un miedo extremo y alucinaciones en los enemigos, haciendo que colapsen por sí mismos y nunca se atrevan a acercarse.",73
Eclipse of Bad Luck,Risk Alchemist,불운의 일식,위기 연금술사,厄运之食,风险炼金术师,厄災の日食,リスクの錬金術師,Eclipse de Mala Suerte,Alquimista de Riesgos,다가올 리스크를 사전에 감지하고 관리하여 위기를 성장의 기회로 반전시키는 강력한 위기 관리 능력을 부여합니다.,rare,darkness,"(비밀, 심리, 그림자 권력)","Detects and manages potential risks in advance, transforming challenges into strategic growth opportunities.",预先发现并管理潜在风险，将挑战转化为战略性增长机会。,迫りくるリスクを事前に感知して管理し、危機を成長の機会へと反転させる強力なリスク管理能力を付여します。,"Detecta y gestiona riesgos potenciales de antemano, transformando desafíos en oportunidades estratégicas.",74
Black Hole of Influence,Captivating Presence,영향력의 블랙홀,매혹적 존재감,影响力黑洞,迷人的存在感,影響力の暗黒孔,魅惑的な存在感,Agujero Negro de Influencia,Presencia Cautivadora,"존재감만으로 좌중의 시선을 사로잡으며, 소지자의 비전에 공감하는 사람들이 자연스럽게 모이게 하는 매력을 줍니다.",epic,darkness,"(비밀, 심리, 그림자 권력)","Captivates audiences with a strong presence, naturally attracting people who resonate with the holder's vision.",以强大的存在感吸引观众，自然地吸引与持有者愿景产生共鸣的人。,その圧倒的な存在感だけで周囲を惹きつけ、持ち主のビジョンに共感する人々が自然と集まるような魅力を与えます。,"Cautiva a las audiencias con una fuerte presencia, atrayendo naturalmente a quienes resuenan con su visión.",75
Phantom King’s Crown,Global Advisory,유령 왕의 왕관,그림자의 자문역,幻影之王冕,全球顾问,幻影王の冠,影の助言者,Corona del Rey Fantasma,Asesoría Global,전 세계의 핵심 정보를 조망하고 조율하여 보이지 않는 곳에서 세상의 긍정적인 흐름을 이끄는 조력자가 되게 합니다.,epic,darkness,"(비밀, 심리, 그림자 권력)","Oversees and coordinates global information from behind the scenes, driving positive world trends as a key advisor.",在幕后监督并协调全球信息，作为关键顾问推动积极的世界潮流。,世界中の核心情報を俯瞰して調整し、見えない場所から世界の肯定的な流れを導く助言者となります。,"Supervisa y coordina la información global tras bambalinas, impulsando tendencias mundiales positivas como asesor.",76
Singularity Stone,Reality Eraser,특이점의 돌,현실의 말소자,奇点石,现实抹除者,特異点の石,現実の抹消者,Piedra de Singularidad,Borrador de la Realidad,"자신에게 방해되는 존재나 사건을 현실에서 마치 없었던 일처럼 말끔히 지워버립니다. 인과율을 왜곡하여 소지자의 뜻에 반하는 과거와 미래를 소멸시키고, 오직 자신만을 위한 어둠의 왕국을 건설합니다.",legendary,darkness,"(비밀, 심리, 그림자 권력)","Erase hindering existences or events from reality as if they never happened, granting power over causality.",将阻碍自己的存在或事件从现实中抹去，仿佛从未发生过一般，赋予操纵因果关系的权力。,邪魔な存在や事件を、現実からまるでなかったことのように消し去ります。因果律を操作する神のごとき権限を与えます。,"Borra existencias o eventos obstaculizadores de la realidad como si nunca hubieran sucedido, otorgando poder sobre la causalidad.",77
God of the Void,Environmental Mastery,허공의 신,환경 적응력,虚空之神,环境掌控,虚空の神,環境適応能力,Dios del Vacío,Maestría Ambiental,어떤 낯선 환경에서도 빠르게 적응하여 자신의 역량을 100% 발휘하며 삶과 시간의 제약을 유연하게 넘어섭니다.,legendary,darkness,"(비밀, 심리, 그림자 권력)","Swiftly adapts to any environment, fully realizing one's potential and flexibly overcoming physical or temporal constraints.",迅速适应任何环境，充分发挥自身潜力，灵活克服物理或时间限制。,いかなる不慣れな環境にも素早く適応して自身の能力を100%発揮し、生と時間の制約を柔軟に乗り越えます。,"Se adapta rápidamente a cualquier entorno, realizando plenamente su potencial y superando limitaciones físicas.",78
Ancestral Bead,Legacy Wisdom,조상의 구슬,지혜의 유산,祖先之珠,智慧传承,先祖の珠,知恵の遺産,Cuenta Ancestral,Sabiduría del Legado,역사와 경험 속에 녹아있는 지혜를 활용하여 중요한 순간마다 올바른 결정을 내리고 사고를 예방하는 가호를 얻습니다.,common,spirit,"(연결, 카르마, 유산)",Leverages historical wisdom and experience to make sound decisions and stay protected at critical moments.,利用历史智慧和经验，在关键时刻做出明智决定并获得保护。,歴史と経験の中に溶け込んだ知恵を活用し、重要な瞬間ごとに正しい決정을下して事故を未然に防ぐ加護を得ます。,Aprovecha la sabiduría histórica para tomar decisiones acertadas y mantenerse protegido en momentos críticos.,79
Spirit-Bell of Empathy,Heart Sync,공감의 방령,마음의 동기화,共鸣之灵铃,心灵同步,共鳴の鈴,心の同期,Campana de Empatía,Sincronización del Corazón,동물의 감정이나 식물의 생명력을 느끼고 소통하게 합니다. 반려동물과의 깊은 유대감을 형성하고 자연의 에너지를 흡수하여 신체 회복력을 높이는 힐링의 권능을 부여합니다.,common,spirit,"(연결, 카르마, 유산)","Communicate with the emotions of animals and plants, forming deep bonds and healing the mind through nature.",感受并沟通动物的情感或植物的生命力，与宠物建立深厚纽带，通过自然治愈心灵。,動物の感情や植物の生命力を感じ、疎通できるようにします。ペットとの深い絆を築き、自然を通じて心を治癒します。,"Se comunica con las emociones de animales y plantas, formando vínculos profundos y sanando la mente a través de la naturaleza.",80
Thread of Gratitude,Positive Feedback,감사의 실타래,긍정적 보답,感恩之线,积极反馈,感謝の糸,肯定的回帰,Hilo de Gratitud,Retroalimentación Positiva,타인에게 베푼 작은 친절이 나중에 10배의 보답으로 돌아오게 합니다. 일상 속에서 적을 만들지 않고 모든 인연을 자산으로 만드는 선한 선순환의 운을 형성합니다.,common,spirit,"(연결, 카르마, 유산)","Ensure small kindnesses return as 10-fold rewards, creating a network of 'good connections' that prevents enemies.",确保对他人施予的小善举在日后获得10倍的回报，在日常生活中建立‘善缘’网络，避免树敌。,他人に施した小さな親切が、後に10倍の報いとなって返るようにします。日常生活で「善縁」を積み、敵を作らないようにします。,"Asegura que la amabilidad regrese como una recompensa de 10 veces, creando una red de conexiones que evita enemigos.",81
Amulet of Fated Allies,Soul Mate Magnet,숙명적 동료의 부적,영혼의 반려자 자석,宿命盟友符,灵魂伴侣磁石,宿命の仲間の守り札,魂の伴侶の磁石,Amuleto de Aliados Fatídicos,Imán de Almas Gemelas,인생을 바꿀 진정한 스승이나 평생의 반려자를 운명적으로 만나게 합니다. 수억 명의 인구 중에서도 소지자의 영혼과 공명하는 최적의 파트너를 정확한 타이밍에 끌어당깁니다.,uncommon,spirit,"(연결, 카르마, 유산)","Destiny leads to meeting a true mentor or life partner, achieving a miraculous encounter among billions.",命运般地遇到能改变人生的真导师或终身伴侣，在数亿人口中实现奇迹般的相遇。,人生を変える真の師匠や生涯の伴侶に運命的に出会わせます。数億人の中から、奇跡のような出会いを実現させます。,"El destino lo guía a conocer a un mentor verdadero o al compañero de vida, logrando un encuentro milagroso entre miles de millones.",82
Aura of Mentorship,Wisdom Transmission,전수의 오라,지혜의 전파,导师之光,智慧传承,導きの威光,知恵の伝播,Aura de Mentoría,Transmisión de Sabiduría,"자신의 지식과 가치관을 타인에게 전수할 때 깊은 영적 울림을 줍니다. 소지자의 가르침을 받은 제자들은 사회 각층에서 성공하며, 소지자를 정신적 지주로 모시는 거대한 학파를 형성합니다.",uncommon,spirit,"(연결, 카르마, 유산)","Create a deep spiritual resonance when teaching others, turning those who receive the wisdom into lifelong followers.",在向他人传授知识和价值观时产生深层的心灵共鸣，使接受持有者教诲的人终身追随。,自身の知識や価値観を他人に伝授する際、深い霊的な響きを与えます。教えを受けた人々を生涯の信奉者に変えます。,"Crea una resonancia espiritual profunda al enseñar a otros, convirtiendo a quienes reciben su sabiduría en seguidores de por vida.",83
Karmic Balance Stone,Justice Scale,인과의 균형석,정의의 저울,因果平衡石,正义之秤,因果の均衡石,正義の天秤,Piedra de Equilibrio Kármico,Balanza de Justicia,"나쁜 짓을 한 자들에게는 즉각적인 천벌을, 선한 자에게는 상을 내리는 인과의 법칙을 소지자 주변에 강화합니다. 소지자를 모함하는 자는 반드시 자멸하게 되는 영적인 보호막입니다.",uncommon,spirit,"(연결, 카르마, 유산)",Exercise the law of causality to bring immediate divine punishment to evildoers and rewards to the good.,行使因果法则，对作恶者施以即时的天罚，对向善者给予奖赏，维护道德秩序。,悪人には即座に天罰を、善人には賞を与える因果の法則を司ります。霊的な秩序を正す神の代行者として活動します。,Ejerce la ley de la causalidad para traer castigo divino inmediato a los malhechores y recompensas a los buenos.,84
Eternal Echo Crystal,Legacy Builder,영원한 메아리 수정,업적의 건설자,永恒回响水晶,功绩建筑师,永遠の残響水晶,業績の構築者,Cristal de Eco Eterno,Constructor de Legados,소지자가 죽은 뒤에도 수백 년 동안 잊히지 않을 업적을 남기게 돕습니다. 소지자의 이름이 역사 교과서에 새겨지고 그 사상이 인류 문명의 기틀이 되는 영원불멸의 명성을 보장합니다.,rare,spirit,"(연결, 카르마, 유산)","Leave achievements that will not be forgotten for centuries, engraving the holder's name in history as a symbol.",帮助持有者在死后数百年间留下不被遗忘的成就，将名字铭刻在历史中，成为永恒的象征。,死後数百年の間忘れられない業績を残すのを助けます。名前を歴史に刻み、永遠の象徴とさせます。,"Ayuda a dejar logros que no serán olvidados durante siglos, grabando su nombre en la historia como un símbolo eterno.",85
Soul-Bound Guard,Guardian Spirit,영혼 결속 파수꾼,수호령,魂缚守卫,守护灵,魂に縛られし守護者,守護霊,Guardia de Almas Vinculadas,Espíritu Guardián,"소지자의 곁을 지키는 강력한 영적 보디가드를 소환합니다. 물리적인 테러나 보이지 않는 저주로부터 소지자의 영혼과 육체를 완벽히 방어하며, 위기 시 소지자를 안전한 곳으로 강제 전송합니다.",rare,spirit,"(연결, 카르마, 유산)","Summon powerful spiritual bodyguards to protect the side, blocking physical attacks and invisible curses.",召唤守护在持有者身边的强大精神保镖，完美阻挡物理攻击或看不见的诅咒与负能量。,持ち主の側を守る強力な霊的ボディガードを召喚します。物理的な攻撃や目に見えない呪い、負のエネルギーを完璧に遮断します。,"Invoca poderosos guardaespaldas espirituales para proteger su lado, bloqueando ataques físicos y maldiciones invisibles.",86
Dream-Weaver Pearl,Lucid Life,꿈을 짜는 진주,자각의 삶,织梦珍珠,清晰人生,夢織りの真珠,明晰な生,Perla Tejedora de Sueños,Vida Lúcida,"꿈속에서 미래의 사건을 미리 체험하고 대비하게 합니다. 꿈과 현실의 경계에서 얻은 정보를 바탕으로 완벽한 인생 시나리오를 설계하며, 매일 아침 예지력을 갖춘 채 하루를 시작합니다.",rare,spirit,"(연결, 카르마, 유산)","Pre-experience and prepare for future events in dreams, using boundary information to ensure success.",在梦中预先体验并应对未来的事件，利用从梦境与现实边界获得的信息确保成功。,夢の中で未来の事件を事前に体験し備えさせます。夢と現実の境界で得た情報を利用し、百戦百勝の成功を収めさせます。,"Pre-experimenta y se prepara para eventos futuros en sueños, utilizando información mística para asegurar el éxito.",87
Harmony of the Spheres,Universal Sync,천체의 조화,우주적 동기화,天体和谐,宇宙同步,天体の調和,宇宙的な同期,Armonía de las Esferas,Sincronización Universal,"우주의 흐름과 완벽하게 동기화됩니다. 하는 일마다 타이밍이 기가 막히게 맞아떨어지며, 전 세계 모든 상황이 소지자의 성공을 돕기 위해 움직이는 듯한 '초월적 운'의 상태에 진입합니다.",epic,spirit,"(연결, 카르마, 유산)","Synchronize perfectly with the flow of the universe, ensuring impeccable timing and the world's help in all tasks.",与宇宙的流动完美同步，使所做的每一件事都时机恰当，全世界都助力持有者成功。,宇宙の流れと完璧に同期します。することなすことタイミングが驚くほど合い、全世界が成功を助けるようになります。,"Se sincroniza con el flujo del universo, asegurando un tiempo impecable y la ayuda del mundo en cada tarea.",88
Sovereign Soul Jewel,Kingmaker’s Aura,주권자의 영혼 보석,제왕을 만드는 위엄,主权灵魂宝石,造王者之光,主権の魂石,キングメーカーの威光,Joya del Alma Soberana,Aura de Creador de Reyes,"소지자가 선택한 인물을 왕으로 만들거나 몰락시킬 수 있는 영적 권위를 가집니다. 정치적, 사회적 지도자들의 영혼을 지배하여 그들이 소지자의 의지대로 움직이게 만드는 배후의 지배자가 됩니다.",epic,spirit,"(연결, 카르마, 유산)","Possess spiritual authority to make or break leaders, occupying the position of a 'kingmaker' in society.",拥有使持有者选定的人物成为领袖或使其垮台的属灵权威，在政治和社会领域担任‘造王者’。,選んだ人物を王にしたり没落させたりできる霊的な権威を持ちます。政治的・社会的な「キングメーカー」の座を占めます。,"Posee la autoridad espiritual para encumbrar o hundir líderes, ocupando la posición de un ""creador de reyes"" en la sociedad.",89
Dharma Overlord Jewel,Karma Dictator,법도의 군주 보석,업보의 지배자,法度领主宝石,业力独裁者,法度の君主の宝石,業の支配者,Joya del Soberano del Dharma,Dictador del Karma,"인류 전체의 카르마(업보)를 조정하고 심판합니다. 세상의 도덕적 기준을 재정립하고 선과 악의 전쟁에서 최종 승리자를 결정하며, 영적 질서를 바로잡는 신의 대행자로 활동합니다.",legendary,spirit,"(연결, 카르마, 유산)","Adjust and judge the karma of humanity, redefining moral standards and balancing good and evil as a representative.",调整并审判全人类的业力，重新定义世界的道德标准，平衡善恶并维护属灵秩序。,人類全体のカルマを調整し審判します。世界の道徳的基準を再定義し、善と悪の均衡を保つ霊的秩序を司ります。,"Ajusta y juzga el karma de la humanidad, redefiniendo los estándares morales y equilibrando el bien y el mal.",90
One-Soul Diamond,Empathetic Harmony,일체 영혼의 금강석,공감의 조화,一体灵魂之钻,共情和谐,一体なる魂の金剛石,共感の調和,Diamante de Alma Única,Armonía Empática,타인과 깊은 정서적 유대를 형성하고 갈등을 평화롭게 해결하여 새로운 차원의 협력과 평화로운 문명을 창조하게 돕습니다.,legendary,spirit,"(연결, 카르마, 유산)","Fosters deep emotional bonds and peaceful conflict resolution, enabling high-level collaboration for a better world.",培养深层的情感联系与和平的冲突解决，实现高水平的协作以创造更好的世界。,他者と深い情緒的連帯を築き、葛등を平和的に解決して、新しい次元の協力と平和な文明の創造を助けます。,"Fomenta vínculos emocionales profundos y la resolución pacífica de conflictos, permitiendo una colaboración de alto nivel.",91
Puzzle-Piece Agate,Logical Link,결합의 마노,논리적 연결,谜团联结玛瑙,逻辑关联,連結の瑪瑙,論理的な結合,Ágata de Vínculo Lógico,Conexión Lógica,"흩어진 정보들을 하나로 엮어 완벽한 결론을 도출합니다. 추리력과 분석력을 극대화하여 범죄 수사, 복잡한 데이터 분석, 어려운 수학 문제를 유희처럼 해결하게 돕습니다.",common,mind,"(초지능, 기억, 정신 전략)","Weave scattered information to derive perfect conclusions, solving complex problems like a game.",将零散的信息交织在一起得出完美的结论，极速提升推理和分析能力，像游戏一样解决难题。,散らばった情報を一つに編み上げ、完璧な結論を導き出します。推理力と分析力を極大化し、難題をゲームのように解決させます。,"Entrelaza información dispersa para derivar conclusiones perfectas, resolviendo problemas complejos como un juego.",92
Stoic Marble,Dopamine Guard,부동의 대리석,도파민 방어,沉稳大理石,多巴胺防御,不動の大理石,ドーパミン防衛,Mármol Estoico,Defensa de Dopamina,숏폼 영상이나 게임 같은 자극적인 유혹으로부터 뇌를 보호합니다. 불필요한 도파민 분비를 억제하고 오직 가치 있는 일에서만 즐거움을 느끼게 하여 철저한 자기 주도적 삶을 살게 합니다.,common,mind,"(초지능, 기억, 정신 전략)","Protect the brain from stimulating temptations like short-form videos, allowing a self-directed life.",保护大脑免受短视频或游戏等刺激性诱惑，抑制不必要的多巴胺，让持有者过上自主的生活。,刺激的な誘惑から脳を保護します。不必要なドーパミン分泌を抑制し、価値あることだけで喜びを感じる人生を送らせます。,"Protege el cerebro de tentaciones estimulantes como videos cortos, permitiendo una vida autodirigida y enfocada.",93
Cerebro-Sparker,Quick Wit,두뇌의 촉발자,천재적 순발력,大脑触发者,天才机敏,脳の火付け役,天才的な機転,Spark Cerebral,Ingenio de Genio,어떤 압박 면접이나 돌발 상황에서도 1초 만에 재치 있는 대답을 내놓게 합니다. 뇌 회전 속도를 가속하여 말싸움에서 절대 지지 않고 유머로 좌중을 장악하는 천재적 순발력을 줍니다.,common,mind,"(초지능, 기억, 정신 전략)","Provide a witty answer in 1 second under any pressure, dominating the audience with genius-level quickness.",在任何压力面试或突发状况下都能在1秒内给出机智的回答，赋予主宰全场的幽默感。,どんな圧迫面接や突発的な状況でも、1秒で機転の利いた回答を出させます。ユーモアで座中を掌握する天才的順발力を授けます。,"Brinda respuestas ingeniosas en 1 segundo bajo presión, dominando a la audiencia con una rapidez mental de genio.",94
Mind-Palace Key,Infinite Storage,기억의 궁전 열쇠,무한한 저장,记忆宫殿之钥,无限存储,記憶の宮殿の鍵,無限の貯蔵,Llave del Palacio Mental,Almacenamiento Infinito,"읽는 모든 책과 문서, 만나는 모든 사람의 얼굴을 무한한 뇌 용량 속에 폴더별로 저장합니다. 잊고 싶은 것만 골라 지우고, 필요한 정보는 0.1초 만에 인출하는 완벽한 기억술을 선사합니다.",uncommon,mind,"(초지능, 기억, 정신 전략)","Store every book, document, and face met in a limitless brain capacity, retrieving information in 0.1 seconds.",将阅读的所有书籍和文档、见过的所有人脸在无限的大脑容量中按文件夹存储，实现0.1秒调取。,読むすべての本や文書、会うすべての人の顔を無限の脳容量の中に保存し、必要な情報を0.1秒で引き出す完璧な記憶術を授けます。,"Almacena cada libro, documento y rostro en una capacidad cerebral ilimitada, recuperando información en 0,1 segundos.",95
Lapis of Polyglot,Language Master,다국어의 청람석,언어의 달인,多语青金石,语言大师,多言語の青藍石,言語の達人,Lapislázuli Políglota,Maestro de Lenguas,"전 세계 모든 언어의 구조를 본능적으로 파악합니다. 수십 개의 외국어를 원어민 수준으로 구사하게 하며, 프로그래밍 언어나 기계어까지 마스터하여 기술적 한계를 뛰어넘는 지능을 부여합니다.",uncommon,mind,"(초지능, 기억, 정신 전략)","Instinctively grasp the structure of all languages, mastering dozens of foreign tongues and machine code.",本能地掌握全球所有语言的结构，精通数十种外语，并掌握编程或机器语言。,全世界のあらゆる言語の構造を本能的に把握します。数十の外国語をネイティブレベルで操り、機械語までマスターさせます。,"Capta instintivamente la estructura de todos los idiomas, dominando docenas de lenguas y códigos de máquina.",96
Analytical Prism,Pattern Seeker,분석의 프리즘,패턴 추적자,分析棱镜,模式寻找者,분석의 프리즘,パターンの追跡者,Prisma Analítico,Buscador de Patrones,복잡한 사회 현상이나 주식 시장의 차트 이면에 숨겨진 패턴을 시각화하여 보여줍니다. 남들이 혼란스러워할 때 혼자서 승리의 방정식을 찾아내어 압도적인 수익을 올리게 돕습니다.,uncommon,mind,"(초지능, 기억, 정신 전략)","Visualize hidden patterns behind complex social phenomena or stock charts, capturing the 'golden path' others miss.",将复杂社会现象或股市图表背后的隐藏模式可视化，让持有者看到他人错过的‘黄金路径’。,複雑な社会現象や株式市場のチャートの裏に隠されたパターンを可視化し、他人が見逃す「黄金の道」を捉えさせます。,"Visualiza patrones ocultos detrás de fenómenos sociales complejos o gráficos bursátiles, viendo el ""camino dorado"".",97
Cerebro-Crystalline Core,Singularity Intellect,지능의 결정핵,특이점의 정신,智能晶核,奇点思维,知能の結晶核,特異点の精神,Intelecto Cristalino,Mente de Singularidad,"뇌의 신경망을 광섬유 수준으로 가속하여 현대의 AI보다 빠른 연산 능력을 갖게 합니다. 수조 개의 변수를 동시에 고려하여 미래를 예측하며, 지적인 우월함만으로 전 세계를 지배합니다.",rare,mind,"(초지능, 기억, 정신 전략)","Accelerate neural networks to the level of optical fibers, granting computational abilities faster than modern AI.",将大脑神经网加速至光纤水平，拥有比现代AI更快的运算能力，瞬间解决无数变量。,脳の神経網を光ファイバーレベルに加速させ、現代のAIより速い演算能力を持たせ、無数の変数を瞬時に解決させます。,"Acelera las redes neuronales al nivel de fibras ópticas, otorgando habilidades computacionales más rápidas que la IA moderna.",98
Blueprints of the Architect,Master Strategy,설계자의 청사진,마스터 전략,建筑师蓝图,大师战略,設計者の設計図,マスター戦略,Planos del Arquitecto,Estrategia Maestra,"10년, 20년 뒤의 미래를 설계하는 정교한 인생 설계도를 머릿속에 상시 띄워줍니다. 현재의 작은 행동이 미래에 어떤 결과를 초래할지 정확히 계산하여 단 한 치의 오차도 없는 성공을 설계합니다.",rare,mind,"(초지능, 기억, 정신 전략)","Display a sophisticated life blueprint for decades in the future, making every current action a step toward destiny.",在脑海中常驻未来10年、20年的精细人生蓝图，使现在的每一个行动都成为通向伟大命运的一步。,未来数十年の人生設計図を脳内に常時表示させます。現在のすべての行動が、偉大な運命への確かな一歩となります。,"Muestra un plano de vida sofisticado para las próximas décadas, haciendo que cada acción sea un paso hacia el destino.",99
Mnemosyne’s Mirror,Truth Defector,기억의 화석,지식의 보관소,记忆之石,知识档案,記憶の化石,知識の記録庫,Fósil del Recuerdo,Archivo de Conocimiento,"상대방이 하는 말이 논리적인지, 거짓인지, 숨은 의도가 무엇인지 실시간으로 분석하여 경고창을 띄워줍니다. 사기꾼이나 가스라이팅을 시도하는 자들을 지적으로 굴복시키고 진실만을 수호합니다.",rare,mind,"(초지능, 기억, 정신 전략)","Real-time analysis of the logic or deception in someone's words, displaying mental warning windows to avoid lies.",实时分析对方的话语是合乎逻辑还是欺骗，在脑海中显示警告窗口，避免被任何谎言愚弄。,相手の言葉が論理的か嘘かをリアルタイムで分析し、脳内に警告ウィンドウを表示させ、いかなる欺瞞も許しません。,"Analiza en tiempo real la lógica o el engaño en las palabras ajenas, mostrando ventanas de advertencia mental.",100
Akashic Access Jewel,Infinite Wisdom,아카식 레코드,보편적 진리,阿卡西记录,普遍真理,アカシックレコード,普遍的な真理,Registro Akáshico,Verdad Universal,인류가 쌓아온 모든 지식의 집합체인 '아카식 레코드'에 직접 접속합니다. 아직 발견되지 않은 미래의 과학 기술이나 예술적 기법을 가져와 현재에 구현하는 시대의 선구자가 됩니다.,epic,mind,"(초지능, 기억, 정신 전략)","Directly access the 'Akashic Records' containing all human knowledge, mastering undiscovered technologies or history.",直接访问‘阿卡西记录’，即全人类知识的集合体，轻松掌握未发现的技术或被遗忘的历史。,人類が積み上げてきた全知識の集合体「アカシックレコード」に接続し、未発見の技術や歴史を容易にマスターします。,"Accede directamente a los ""Registros Akáshicos"" de todo el conocimiento humano, dominando tecnologías no descubiertas.",101
Neural Overdrive,Reality Projection,투사의 정석,현실 투영,投影精石,现实投影,投影の精石,現実投影,Piedra de Esencia de Proyección,Proyección de Realidad,"소지자의 상상력을 물리적 현실로 투사하는 계산식을 완성합니다. 머릿속으로 시뮬레이션한 비즈니스나 공학 설계가 현실에서 그대로 작동하며, 생각만으로 세상을 조립하는 지적 창조주가 됩니다.",epic,mind,"(초지능, 기억, 정신 전략)","Project imagination into physical reality with perfect calculation formulas, ensuring 100% success of simulated ideas.",完成将持有者的想象力投射到物理现实的计算公式，使脑海中模拟的业务或发明获得100%成功。,想像力を物理的現実に投影する計算式を完成させ、頭の中でシミュレーションしたビジネスや発明を100%成功させます。,"Proyecta la imaginación en la realidad física con fórmulas perfectas, asegurando el éxito total de las ideas simuladas.",102
God-Brain Emerald,Absolute Cognition,신적 지능의 핵,전지적 인지,神级智能核心,全知认知,神的知能の核,全知の認知,Núcleo de Inteligencia Divina,Percepción Omnisciente,"우주 전체의 정보량을 처리할 수 있는 신적 지능에 도달합니다. 모든 시간대와 차원의 지식을 동시에 인지하며, 존재의 이유와 우주의 끝을 이해하는 초월적 의식의 정점에 서게 됩니다.",legendary,mind,"(초지능, 기억, 정신 전략)","Reach divine intelligence capable of processing universal information, mastering knowledge across all timelines.",达到能够处理全宇宙信息量的神级智能，掌握所有时间线和维度的知识，看透始末。,宇宙全体の情報量を処理できる神級の知性に到達し、あらゆる時間帯と次元の知識をマスターし、始末を見通します。,"Alcanza una inteligencia divina capaz de procesar información universal, dominando el conocimiento de todas las eras.",103
The Singularity,Mind Upload,초월적 영혼,순수 정보체,超越之魂,纯粹信息体,超越の魂,純粋情報体,Alma Trascendental,Ser de Información Pura,"자신의 정신을 시공간에 구애받지 않는 순수 정보 형태로 변환합니다. 육체의 한계를 벗어나 디지털 세계와 우주 신경망 어디든 존재하며, 인류 전체의 진화를 이끄는 거대한 집단 지성의 핵이 됩니다.",legendary,mind,"(초지능, 기억, 정신 전략)","Transform the spirit into a pure information form unconstrained by time and space, exploring the multiverse freely.",将持有者的精神转化为不受时空约束的纯信息形态，摆脱肉体限制，自由探索多元宇宙。,自身の精神を時空に囚われない純粋な情報形態へと変換します。肉体の限界を脱し、マルチバースを自由に探索します。,"Transforma el espíritu en una forma de información pura sin límites de tiempo o espacio, explorando el multiverso libremente.",104